shop_name,business_type,owner_name,phone,email,address,city,business_hours,url,domain,site_type,score,grade,reasons
横浜市泉区 相鉄線 緑園都市近郊 川崎市高津区 溝の口近郊 おやこサロンYurari（ユラリ）,不明,,,yurari.salon@gmail.com,金／土曜のみ不定期 定休日： 日・祝日 神奈川県横浜市泉区緑園 緑園都市駅徒歩７分 mail. yurari.salon@gmail.com ご予約フォーム・お問合せはこちら＞ プライバシーポリシー,神奈川県,10:00 - 17:00,https://yurari-baby-aroma.com/,yurari-baby-aroma.com,ameblo,85,A,ameblo; no_pricing; no_access; no_profile; sns_redirect
note（ノート）,不明,,07843137254,,る人」の正体と、あなたの人生を守る選択｜横浜市・心理カウンセリングサロン Salon de Femmes（サロンドファム） 投稿 ログイン 会員登録 「強がる人」の正体と、あなたの人生を守る選択 6,横浜市,,https://note.com/salondefemmes/n/n2cf8ef4703ad,note.com,note,80,A,note; no_pricing; no_booking; no_access; no_profile
横浜市緑区｜ヨーロッパ式ピアノ教室｜宮地音楽学院【短時間練習×コーチング,不明,,08010801542,,【⠀音が読めるから⠀】 | 横浜市緑区｜ヨーロッパ式ピアノ教室｜宮地音楽学院【短時間練習×コーチング】 ホーム ピグ アメブロ 芸能人ブログ 人気ブログ 新規登録 ログイン 横浜市緑区｜ヨ,神奈川県,,https://ameblo.jp/musiquedekayo/entry-12847037213.html,ameblo.jp,ameblo,70,A,ameblo; no_pricing; no_booking; no_profile
自然はぐくみ療法室,スピリチュアル,,,,,神奈川県,,https://lucky-soul.shopinfo.jp/,lucky-soul.shopinfo.jp,ameblo,70,A,ameblo; no_pricing; no_booking; no_access
個人セッション予約サイト,不明,,045-232-4114,intl-segmenter@11.7.10,横浜市中区太田町4-50 馬車道450ビル6階 bottom of page,神奈川県,,https://shigoto-manabiya.wixsite.com/booking-co,shigoto-manabiya.wixsite.com,wix,70,A,wix; no_pricing; no_access; no_profile
sandf-since1972,不明,,044-888-1725,info-sandf@saginuma.co.jp,神奈川県川崎市宮前区鷺沼1-11-17 STR73ビル4F 株式会社エスアンドエフ TEL044-8,東京都,,https://sandf-since1972.hp.peraichi.com/saginumasc.arugo.tbp/,sandf-since1972.hp.peraichi.com,peraichi,70,A,peraichi; no_pricing; no_booking; no_access
旅ソム｜旅行のソムリエ,マッサージ,,03-3505-1111,,ラホテル系列，ハイクラスホテル，東京都，中央区銀座，東銀座駅，銀座駅，築地市場駅，銀座一丁目駅，新橋駅，有楽町駅，JR，東京メトロ，都心地下鉄，ゆりかもめ，ラウンジあり 5つ星ホテル ABホテル系列,千代田区,,https://trip-sommelier.com/1791.html,trip-sommelier.com,ameblo,70,A,ameblo; no_pricing; no_booking; no_profile
セラピールーム 横浜 Heart Leaf わたしはわたしのはしわたし,スピリチュアル,,02005110003,info@heart-leaf.com,ピールーム 横浜 Heart Leaf 神奈川県横浜市戸塚区名瀬町791－21－501 tel. 090－9797－6971 mail info@heart-leaf.com 仕事の性質上、mail,神奈川県,,https://heartleaf.amebaownd.com/,heartleaf.amebaownd.com,ameblo,70,A,ameblo; no_booking; no_access; no_profile
7sfly,マッサージ,,,,ザーおよびリズムステップディフューザー 東京都健康長寿医療センター認定 ・介護予防運動指導員 シナプソロジー研究所認定 ・シナプソロジー普及員 【更新単位取得】 ・健康運動指導士および健康実践運動指導,東京都,,https://7sfly.hp.peraichi.com/,7sfly.hp.peraichi.com,peraichi,70,A,peraichi; no_pricing; no_booking; no_access
フィルノット スヌーズレン,マッサージ,,075-962-0774,mail@philknot.com,受付時間:10:00～18:00 フィルノットスヌーズレン 施設の方へ アイテム 納入実績 会社概要,東京都,,https://philknot_snoezelen.hp.peraichi.com/,philknot_snoezelen.hp.peraichi.com,peraichi,60,A,peraichi; no_booking; no_profile
peraichi,スピリチュアル,,090-5798-3196,,-3196 実際に変化された お客様の声 今までと違う視点で物事を見られるようになったので悩まなくな,神奈川県,,https://peraichi.com/landing_pages/view/0qt96,peraichi.com,peraichi,60,A,peraichi; no_pricing; no_access
バイリンガル対応のメンタルヘルスセラピスト｜Yokohama Counseing Office,鍼灸,私たち,01134167404,,,中央区,,https://yokohama-counseling-office.com/,yokohama-counseling-office.com,wordpress,60,A,wordpress; no_pricing; no_booking
東京都のレンタルサロン,エステ,セラピストガーデン,,,セラピストガーデン All Rights Reserved. Designed by 癒しサロンのホ,千代田区,,https://atmark-salon.com/theragarden/tokyo/,atmark-salon.com,wordpress,60,A,wordpress; no_pricing; no_booking
メンズエステ体験談・口コミ投稿サイト 男のお得情報局,エステ,本体験談に掲載出来て いない情報や,0919543488,mensinformation.otoko@gmail.com,町メンエス『LIRICA OSAKA』 東京都福生市メンエス『NATURA(ナチュラ)』 神奈川県相模原メンズエステ『NeoNATURA』 メンズエステ人気ランキング[エリア別TOP10] カテゴリー,中央区,,https://mensinformation.net/kanagawa/mans-preasure-spa-kawasaki1/,mensinformation.net,wordpress,60,A,wordpress; no_booking; no_access
横浜市保土ヶ谷区にあるオールハンドのエステサロン セレンナチュレ【アーバンシリーズ正規取扱店,エステ,,0453340358,,をリセットする お肌のための美顔エステ 神奈川県横浜市にあるセレンナチュレ美顔ルームは、 オールハンドの美顔エステを体験できるお店です。 この場所にお店があったの？と思うくらい静かな環境で“女性の隠れ,神奈川県,,https://www.selen-nature.com/,www.selen-nature.com,wordpress,60,A,wordpress; no_pricing; no_booking
メディカルプライベートサロン,マッサージ,深眠,076-4753-8303,intl-segmenter@11.7.10,,川崎市,,https://www.lamano-medical.com/price,www.lamano-medical.com,wix,60,A,wix; no_booking; no_access
合同会社ローカルドア,不明,合同会社ローカルドア 代表,076-4753-8303,goodpwlife@gmail.com,不登校と高校中退を経て立教大学卒。新卒で川崎市役所に入庁。NPOを通じてコーチングや人材育成事業などにも携った後、合同会社ローカルドアを設立して独立。 個人の意欲と力を引き出すパーソナルコーチングの技,川崎市,,https://www.k-localdoor.com/,www.k-localdoor.com,wix,60,A,wix; no_booking; no_access
脊椎セラピーサロンフェリシモ,ヘアサロン,,044-888-9553,intl-segmenter@11.7.10,神奈川県川崎市高津区下作延3-18-2 地下1階 電話番号： 044-888-9553 ※美容室テレ,神奈川県,,https://www.therese-hair.com/,www.therese-hair.com,wix,60,A,wix; no_booking; no_profile
dolce-counseling-room,不明,,,,横浜市・町田市のパーソナルコーチング | カウンセリングルーム ドルチェ | カウンセリングルーム ドルチェ CONTACT MENU メニュー HOME ME,横浜市,,https://dolce-counseling-room.com/menu/,dolce-counseling-room.com,wordpress,60,A,wordpress; no_booking; no_access
商店街向け無線見守り防犯カメラ。地域密着ITコンサルタント,不明,,090-8460-5486,xxxx@example.com,WS お知らせ 2024年 9月 東京都杉並区のマンション（109戸）に無線防犯カメラ4台を設置。既設9台の同軸カメラではカバーできないゴミ置き場、駐輪場、駐車場を新規に追加設置した無線カメラ4台で完,杉並区,,https://atakacorp.hp.peraichi.com/,atakacorp.hp.peraichi.com,peraichi,60,A,peraichi; no_booking; no_access
ベンナビ離婚（旧：離婚弁護士ナビ）,不明,,03-6279-4581,,島市 北九州市 福岡市 熊本市 文京区 千代田区 新宿区 港区 中央区 渋谷区 目黒区 豊島区 葛飾区 練馬区 北区 世田谷区 大田区 杉並区 品川区 荒川区 台東区 中野区 足立区 江東区 離婚前相,千代田区,,https://ricon-pro.com/columns/507/,ricon-pro.com,wordpress,60,A,wordpress; no_booking; no_access
​フーレセラピーサロン碧,マッサージ,,090-4963-8924,fouleeaoi@gmail.com,-8924 fouleeaoi@gmail.com bottom of page,横浜市,,https://fouleeaoi0609.wixsite.com/fouleeaoi,fouleeaoi0609.wixsite.com,wix,60,A,wix; no_access; no_profile
room-kanaenoki,不明,,044-455-4478,,〒214-0021 川崎市多摩区宿河原7-15-17 北辰ビル1F メインナビゲーション トップペー,川崎市,,http://room-kanaenoki.main.jp/,room-kanaenoki.main.jp,wordpress,55,B,wordpress; http_only
a-kokoro,不明,,,info@a-kokoro.com,川崎市中原区小杉町1丁目520-6 CASA CORDERO 304号 info@a-kokoro.,神奈川県,,https://a-kokoro.com/,a-kokoro.com,wordpress,50,B,wordpress; no_profile
yokohama-therapy,不明,,,info@yokohama-therapy.com,に影響を与えるのか？ アクセス・連絡先 神奈川県横浜市神奈川区台町 京急本線神奈川駅徒歩2分 東急東横線横浜駅徒歩7分 info@yokohama-therapy.com 公認心理師・臨床心理士による,神奈川県,,https://yokohama-therapy.com/,yokohama-therapy.com,wordpress,50,B,wordpress; no_pricing
天然温泉 満天の湯｜横浜市保土ケ谷区｜相鉄線上星川駅前のお手軽で高品質なスーパー銭湯,エステ,,0453704126,,フェイスブック Youtube インスタグラム ツイッター LINE 満天の湯 トップページ 満天の,神奈川県,11:00〜24:00,https://mantennoyu.com/relaxation/,mantennoyu.com,wordpress,50,B,wordpress; no_profile
My Site 2,スピリチュアル,痛みとの対話では,0707-4538-8763,intl-segmenter@11.7.10,ugh the menu items. 神奈川県川崎市の ヒプノセラピー・カウンセリング ​ 対面またはzoom セラピールーム「空」 ひとりで悩んでいませんか？ アプローチ法 サービス インナーチャ,神奈川県,,https://www.therapyroom-coo369.com/,www.therapyroom-coo369.com,wix,50,B,wix; no_access
mirai-kaitaku,不明,,080-9159-0724,,神奈川県横浜市港南区港南台2-2-8-603 © 未来開拓キャリアコーチ 服部真由美,神奈川県,,https://mirai-kaitaku.com/,mirai-kaitaku.com,wordpress,50,B,wordpress; no_access
えりあし,整骨,,0968-79-7223,,・営業時間 7：00～18：00 ・URL https://oosumikenki.com/ ・提供,中野区,,https://bamburibeachhotel.net/,bamburibeachhotel.net,wordpress,50,B,wordpress; no_booking
個人的横浜,不明,,01656786338,,神奈川県横浜市中区元町1（ →Googleマップ ） ■アクセス ・みなとみらい線 元町・中華街駅（,北区,,https://1201.yokohama/public-toilet-190408/,1201.yokohama,wordpress,50,B,wordpress; no_booking
横浜市・心理カウンセリングを受けられる病院-病院・クリニック,鍼灸,病院なび,045-325-1515,jquery-ui@1.14.1,ホームページへ 診療時間 月 火 水 木 金 土 日 祝 9:00～12:30 ● ● ● ● ●,北区,,https://byoinnavi.jp/kanagawa/yokohamashi/q01,byoinnavi.jp,wordpress,50,B,wordpress; no_pricing
333-8000,整体,院長 西村,00-8487-6366,intl-segmenter@11.7.10,,横浜市,10:00- 21:00,https://athome-coron.wixsite.com/333-8000,athome-coron.wixsite.com,wix,50,B,wix; no_profile
わかばのマルシェ２０２６春,不明,代表,042-350-7756,wakamaru119@gmail.com,hin line(川崎市宮前区、相模原市中央区) （9/27）シーグラスやシー陶器のアクセサリー、小さな本作りのワークショップ/海に流れ着いた陶器等のアクセサリー販売＆ワークショップ MASTER’s,中央区,,https://wakamaru.hp.peraichi.com/,wakamaru.hp.peraichi.com,peraichi,50,B,peraichi; no_booking
メンズエステ体験談ブログ 色街diary,ヨガ,熱心なファンも増えて 只今人気急上昇中の注,080-3768-9215,せりな@E.S_DOLL,"3) September 8, 2018 彼女の部屋に遊びに来たようなドキドキ感が楽しめる恵比寿『A",足立区,,https://iromachi.jp/archives/bijin-gaho-06.html,iromachi.jp,lit.link,50,B,lit.link; no_access
Esthetics911｜横浜市桜木町駅徒歩3分のエステサロン｜TOP｜,エステ,当サロンではワンオー ナーで施術しておりま,231-0064,xxxx@example.com,Esthetics911｜横浜市桜木町駅徒歩3分のエステサロン｜TOP｜ TEL:近日公開 TEL受付時間：9:00~21:00 公式Instagram 公式LINE Esthetics,渋谷区,9:00~21:00,https://esthetics911.hp.peraichi.com/,esthetics911.hp.peraichi.com,peraichi,50,B,peraichi; no_booking
心と体の不調や人間関係に悩む女性のカウンセリング/メンタルトレーニング/心理検査/各種セラピー,ヨガ,ホログラフィートーク のセラピストとして登,0106-8-120,support@mentalhealth-join.com,| からだを使ってこころを元気にする 神奈川県平塚市のカウンセリングルーム からだを使ってこころを元気にする 神奈川県平塚市のカウンセリングルーム ホーム 無料LINE講座 初めての方へ プロフィー,神奈川県,,https://mentalhealth-join.com/,mentalhealth-join.com,wordpress,50,B,wordpress; no_booking
ローズポートコーチング,不明,ミュージカルやラジオ の出演や,080-1310-1578,xxxxxx@example.com,-1578 LINE公式アカウント ページトップ コーチング セミナー コーチング例 皆様の声 講師,神奈川県,,https://www.roseport-session.com/,www.roseport-session.com,ameblo,50,B,ameblo; no_pricing
川崎港町校｜クーバー サッカー スクール,鍼灸,プロフィールを見る,070-5087-5200,kawasaki-minatocho@coerver.co.jp,-5200 電話での お問い合わせ メールでの お問い合わせ イベント 会費・クラス スクール ニュ,神奈川県,,https://coerver.co.jp/kawasaki-minatocho/,coerver.co.jp,wordpress,50,B,wordpress; no_booking
横浜市でヒーリングを受けるならサロンセピア,マッサージ,,090-5794-2383,,神奈川県横浜市旭区鶴ケ峰1-30-9サイニビル2F Tel. 090-5794-2383 お問い合わ,神奈川県,,https://salonseppia.net/,salonseppia.net,wordpress,50,B,wordpress; no_access
心と体のいやしサロンORISA～オリサ～,マッサージ,,02009170000,orisaorisa.kenkoubi@gmail.com,心と体のセラピーサロン｜川崎市高津区のヒーリングサロンならオリサ 心と体のいやしサロン ORISA～オリサ～ 「心と体の繋がり」・・・心と体のヒーリングで今ここに在り続ける私 ボディ・,川崎市,,https://orisaorisa.com/,orisaorisa.com,ameblo,50,B,ameblo; no_access
イベントの様子と参加者の声_コーチングサロン横浜,不明,,02212185113,,,,,https://jca-kanagawa.com/voice/salon/,jca-kanagawa.com,wordpress,50,B,wordpress; no_access
完全個室のレンタルサロン,不明,,09592582619,,神奈川県横浜市中区花咲町１丁目４６−１ ＧＳプラザ桜木町 ・JR京浜東北線(根岸線) 桜木町駅 南改,神奈川県,,https://rentalspace-bloom.com/,rentalspace-bloom.com,wordpress,50,B,wordpress; no_profile
ForR - レッドバロンからすべてのライダーへ,不明,服飾系デザイン事務所,,63116-featured-640x400@1.5x.jpg,から走り出した。 神奈川県内の首都高速は東京都心よりも入り組んでいて、いつまでたっても覚えられないが、グーグル先生の講義（案内）を聴きながら「みなとみらい」インターまで迷うことなく到達。無事、横浜市街,東京都,3:30〜15:00,https://for-r.jp/touring/17024.html,for-r.jp,wordpress,50,B,wordpress; no_booking
オーダースーツならK-51｜東京港区田町のサロンでこだわりのかっこいいオーダースーツを,ヘアサロン,,0394394951,,オーダースーツならK-51｜東京港区田町のサロンでこだわりのかっこいいオーダースーツを オーダースーツならK-51｜東京港区田町のサロンでこだわりのかっこいいオーダースーツを 接客中はお電話に,港区,,https://www.k51-varyborn.com/lp02/,www.k51-varyborn.com,wordpress,50,B,wordpress; no_access
coaching-search,不明,,0118105547,,,,,https://coaching-search.jp/coach_tag/神奈川対面コーチング/,coaching-search.jp,wordpress,50,B,wordpress; no_booking
Live-Rary - 「住む」こと、ぜんぶ。,不明,,08812694944,,"リア。総面積は2,530ヘクタールあり、東京都心から南西に約25キロメートル、横浜市の中心から北方に約10キロメートル進んだところに位置します。開発に伴い都筑区の人口は過去25年間で10万人も増加して",東京都,,https://www.housing-messe.com/yell/live-rary/archives/5107,www.housing-messe.com,wordpress,50,B,wordpress; no_pricing
mantendo-tokyo,マッサージ,,08011819936,wght@100..900,-9936 電話受付/10:00～22:00 24時間営業 Web予約ALL TIME OK ※ただ,,,https://mantendo-tokyo.com/yokohama/therapist.html?byage=30,mantendo-tokyo.com,note,50,B,note; no_access
大人気ハーバルピールを安心の公認スクールサロンで,エステ,代表的なお顔の肌の悩 み,00-8487-6366,info@anna-victoria.jp,,神奈川県,,https://www.herbalpeel-annavictoria.com/,www.herbalpeel-annavictoria.com,wix,50,B,wix; no_booking
プライバシーポリシー パーソナルジム・パーソナルトレーニングならドクタートレーニング,鍼灸,,,,TERM OF USE 店舗一覧 関東 東京都 恵比寿本店 中目黒店 自由が丘店 麻布十番店 目白店 学芸大学店 吉祥寺店 池袋店 銀座店 奥沢店 下北沢店 三軒茶屋店 代々木店 田園調布店 広尾店,東京都,,https://drtraining.jp/privacy-policy/,drtraining.jp,wordpress,40,B,wordpress
セラピールームTerra（テラ）,スピリチュアル,,045-316-0121,,でお願いします お電話には出られない場合がございます。できるだけフォームからのご連絡をお願いいたしま,神奈川県,,https://www.therapy-terra.com/,www.therapy-terra.com,ameblo,40,B,ameblo
横浜のカウンセリングサロンではストレス社会に生きる方のサポートをしております,不明,日本元ラグビー選手,090-1851-0407,,-0407 090-1851-0407 お問い合わせはこちら ホーム コンセプト サービス メニュー,神奈川県,,https://ideal-form.jp/service/,ideal-form.jp,ameblo,40,B,ameblo
wakuspo,鍼灸,,044-433-4540,info@wakuspo.com,神奈川県川崎市中原区木月２－１４－１－７０１ 電話：０４４－４３３－４５４０(１０時～２０時３０分),板橋区,,https://wakuspo.com/soccer/,wakuspo.com,ameblo,40,B,ameblo
city,不明,,07206811910,,/Root 213 0 R/Size 363/Type/XRef/W[1 3 1]>>stream,川崎市,,https://www.city.kawasaki.jp/170/cmsfiles/contents/0000054/54365/2014.3kawasakishi-hensen.pdf,www.city.kawasaki.jp,custom,40,B,no_pricing; no_booking; no_access; no_profile
toto-raku | ハイパーエナジーセラピー導入のプライベートサロン,エステ,,070-3841-5321,,-5321 About 自律神経を整えることで 不調に根本からアプローチ 「整えること」で、わたしを,神奈川県,,https://www.toto-raku.jp/,www.toto-raku.jp,wordpress,40,B,wordpress
gakusyucoach-one,鍼灸,本セミナーの講師であ る今西は,044-819-5401,gakusyucoach1@gmail.com,神奈川県川崎市中原区新丸子町736-1 戸川ビル2F 開校時間15:30〜22:00 資料請求 体験,神奈川県,,https://gakusyucoach-one.com/category/information/,gakusyucoach-one.com,peraichi,40,B,peraichi
vivalita,エステ,院長プロフィール,045-440-5577,,※緊急避妊は予約不要 診療時間 午前 10：00～13：00 午後 14：00～18：00 休診日,横浜市,,https://www.vivalita.com/cat-138/post_362.html,www.vivalita.com,peraichi,40,B,peraichi
takeichi,エステ,セラピスト,,,まのご要望に応じて、神奈川県の一部地域、東京都内の一部地域へ出張させていただきます。 出張の際は、レンタルサロンやホテルを利用させていただきます。 注意していただきたいのは、 風俗店ではないので性的な,東京都,,https://takeichi.hp.peraichi.com/,takeichi.hp.peraichi.com,peraichi,40,B,peraichi
Happy Decoration,マッサージ,,028-680-4628,,受付時間 11:00〜18:00(定休日 水曜日・日曜日) 余白(40px) 公式インスタグラム こ,,11:00〜18:00,https://happy-decoration.hp.peraichi.com/,happy-decoration.hp.peraichi.com,peraichi,40,B,peraichi
こころの相談室 SmileRoom,スピリチュアル,代表ご挨拶,090-5788-4585,cs.smileroom@gmail.com,-4585 mail： cs.smileroom@gmail.com お問い合わせ CONTACT,東京都,,https://www.smile-room.net/,www.smile-room.net,wix,40,B,wix
noel-co,不明,,044-281-3718,news-apply@noel-co.net,留守番電話にメッセージを。折り返しいたします ご予約 ホーム ご利用案内 【重要】悪天候時の対応につ,神奈川県,,https://noel-co.net/,noel-co.net,wordpress,40,B,wordpress
カウンセリングルームY 横浜,不明,,02503170854,counselingroom.y@gmail.com,カウンセリングルームY 横浜 | 横浜市に拠点を置くカウンセリングルームです。 ホーム カウンセリングについて カウンセラー お知らせ・お問い合わせ ホーム 2024.09.10 2025.12,横浜市,,https://counselingroom-y.com/,counselingroom-y.com,wordpress,40,B,wordpress
美容院・美容室・ヘアサロン｜TAYA,ヘアサロン,,045-985-8924,,045-985-8924 TAYA 青葉台東急スクエア店 サロン情報 スタッフ メニュー ヘアスタイ,東京都,10：00〜20：00,https://tayanet.jp/salon/0050/,tayanet.jp,note,40,B,note
熊本県の夫婦関係の悩みをカウンセリングで解決します。愛と性のひもとき屋,不明,代表,08225441011,merry.8008.sun@gmail.com,,,,https://himotoki-ya.com/,himotoki-ya.com,wordpress,40,B,wordpress
川崎・東京・横浜・死別・哀しみを抱えているあなたへ～グリーフケアCafe mama（あかり）,不明,,0225146303,grief.mama@gmail.com,āmā） その他 本活動は、令和7年度 川崎市社会福祉協議会福祉基金助成事業です（令和7年4月～令和8年3月） 見出し ここをクリックして表示したいテキストを入力してください。テキストは「右寄せ」「中,神奈川県,,https://griefcare-mama.hp.peraichi.com/,griefcare-mama.hp.peraichi.com,peraichi,40,B,peraichi
もみじメンタルクリニック,不明,まずは,0465-43-6853,,小田原市栄町1丁目14-9 NTビル エレベーターで３階 アクセス クリックしてGoogleMapを,,,https://momiji4122.com/カウンセリング,momiji4122.com,wordpress,40,B,wordpress
川崎 隠れ家サロン 腸セラピー 腸もみサロン,エステ,当サロンは,,xxxx@example.com,伝え致します 住所 〒２１０－０８４５ 神奈川県川崎市川崎区渡田山王町１８－１１ 美容室ソワドソワの別館 アクセス方法 川崎駅から 臨港バスにて10分 臨港バ 京町循環２８にて美容室ソワドソワ前にて下,神奈川県,,https://mahana-tiare.hp.peraichi.com/,mahana-tiare.hp.peraichi.com,peraichi,40,B,peraichi
heartfreespace,不明,,045-752-1733,,コンテンツに移動 ホーム 個人情報について 予約申込み プロフィール アクセス お問い合わせ サイト,横浜市,,https://www.heartfreespace.com/,www.heartfreespace.com,ameblo,40,B,ameblo
カウンセリングルーム でいご,不明,自我状態療法認定セラ ピスト,05645893063,,カウンセリングルーム でいご について 神奈川県川崎市の登戸駅から徒歩5分の場所にあり、オンラインでの心理療法もご提供しますカウンセリングルームです。（心理療法によっては対面のみの場合もあります） ご,神奈川県,,https://deigo-room.com/,deigo-room.com,wordpress,40,B,wordpress
横浜から1駅 川崎 エサレンボディワーク エサレンマッサージ PADMA,マッサージ,,00-8487-6366,info@padma-ha.com,by PADMA Healing Arts. All Rights Reserved bottom,神奈川県,,https://www.padma-aroma.com/esalen,www.padma-aroma.com,wix,40,B,wix
あおのウイメンズクリニック,不明,,045-862-4103,,里帰り出産 お問い合わせ Web予約 当院のご紹介 診療案内 妊婦健診 出産・分娩 入院案内 無痛分,神奈川県,9:00 - 12:00,https://aono-womens.clinic/,aono-womens.clinic,wordpress,40,B,wordpress
Happy Plus | 横浜イメコン×コーチング,不明,,02601180146,,"ーご予約 こちらのメニューは全て横浜市港北区のサロンにて対面で行います。 価格は税込です。 プレミアムトータル診断（4タイプカラー） 180min ¥28,000 16タイプカラープレミアム診断 18",北区,,https://happy-plus-style.com/menu/,happy-plus-style.com,wordpress,40,B,wordpress
カウンセリングルームほほえみ,不明,カウンセラーのプロフ ィールはこちら,0266-75-1012,hohoemi.room@gmail.com,,,10:00-21:00,https://hohoemi-room.org/,hohoemi-room.org,wordpress,40,B,wordpress
アンサンブル・オレンジ吹奏楽団,不明,,0273647172,ensemble.orange.wind@gmail.com,してください 2024年8月より川崎市・大田区で 新たに活動を始めた一般吹奏楽団。 アンサンブル・オレンジ吹奏楽団って どんな楽団？ ・オレンジ色のような温かい雰囲気で、 心も温まる音楽を目指して活動,大田区,,https://ensemble-orange-wind.hp.peraichi.com/,ensemble-orange-wind.hp.peraichi.com,peraichi,40,B,peraichi
小野 綾子 （くれたけ心理相談室 川崎支部）,不明,プロフィールを編集,0120-03-5905,u2613@gmail.com,神奈川県川崎市麻生区（オフィス） 【本社】〒465-0084 愛知県名古屋市名東区西里町1-10 呉,東京都,9:00-21:00,https://ayako.counseling1.jp/,ayako.counseling1.jp,wordpress,40,B,wordpress
negisi,不明,,045-311-9661,,横浜西口カウンセリングルーム： 045-311-9663 〒221-0835 神奈川県横浜市神奈川区,神奈川県,,https://www.negisi.com/counseling,www.negisi.com,wordpress,40,B,wordpress
happy2,エステ,セラピスト,07089073491,mailtoharemoademi1122@gmail.com,-3491 mail: haremoademi1122@gmail.com ※横浜市青葉区のプライベ,横浜市,10:00~20:00,https://happy2.hp.peraichi.com/,happy2.hp.peraichi.com,peraichi,40,B,peraichi
カウンセリング･催眠療法･フォーカシングの横浜心身健康センター,不明,カウンセラー プロフィール,09693347129,,神奈川県横浜市中区伊勢佐木町3-107 電話 045（252）3272 →詳しくは 地図・住所・面接,神奈川県,,https://cocorocarada.com/,cocorocarada.com,wordpress,40,B,wordpress
柿生ジュニアバドミントンクラブ,不明,,090-3215-4704,kaijima7@outlook.jp,王中小体育館 虹ヶ丘小体育館 1800-2100 900-1300 体力・ダブルス大会 1330-1,川崎市,,https://kakiojbc.hp.peraichi.com/,kakiojbc.hp.peraichi.com,peraichi,40,B,peraichi
認知行動療法カウンセリングセンター川崎店,不明,代表 岡村優希,075-606-2685,,神奈川県川崎市川崎区小川町11-7 グリタァ小川町403号室 Google Map 075-606-,神奈川県,,https://kawasaki.cbt-mental.co.jp/,kawasaki.cbt-mental.co.jp,note,40,B,note
en,マッサージ,,076-4753-8303,en.salon0321@gmail.com,,川崎市,,https://www.en0321.com/,www.en0321.com,wix,40,B,wix
AromaStone Rikko,スピリチュアル,,076-4753-8303,intl-segmenter@11.7.10,きほぐされる 贅沢な時間をお約束します 神奈川県川崎市にあるパーソナルサロンです アロマテラピーとストーンセラピーを融合させたオリジナルの施術です Rikkoでは、お客様にゆったりとした時間をお過ごし,神奈川県,,https://www.rikko-stone.jp/,www.rikko-stone.jp,wix,40,B,wix
holistic-cocoan,整体,イギリスで英国人講師 より学んだアロマセラ,0000144517,,﻿ 横浜市西区ホリスティックセラピーココアン | 自然療法をベースとしたホリスティックケアサロン&スクール妊活、産前産後ケア、更年期・婦人科系のお悩み・乳がん術後ケ,横浜市,,https://holistic-cocoan.com/,holistic-cocoan.com,wordpress,40,B,wordpress
びーんずネット,不明,,08246519533,,",600円（9,900円割引） ●場所：神奈川県川崎市 東急田園都市線「溝の口駅」、JR南武線「武蔵溝ノ口駅」近辺 （会場はお申し込み時に詳しくお知らせします） 【対面以外の個人セッション】 遠方の方",神奈川県,,https://beans-n.com/counseling2/,beans-n.com,thebase,40,B,thebase
rkwkh,不明,,080-0000-0000,junkoshoda3@gmail.com,ル 正田純子（しょうだじゅんこ） 東京都足立区在住。1969年生まれ。横浜市出身。子ども3人。 長女（1999年生まれ）次女（2001年生まれ）長男（2008年生まれ）の3人の母。心配とイライラな教育,足立区,,https://rkwkh.hp.peraichi.com/,rkwkh.hp.peraichi.com,peraichi,40,B,peraichi
www3,不明,,01906261029,Z@3.5,,,,https://www3.yspc.or.jp/ckfiles/files/aboutus/h30/30_houkoku.pdf,www3.yspc.or.jp,custom,40,B,no_pricing; no_booking; no_access; no_profile
the-kawasaki-spa,マッサージ,,044-223-7004,,営業時間：9時～24時 Copyright © THE KAWASAKI SPA. All Righ,神奈川県,,https://the-kawasaki-spa.com/,the-kawasaki-spa.com,ameblo,40,B,ameblo
yokohama,不明,,02801174072,R@w.yr,/Root 579 0 R/Size 601/Type/XRef/W[1 2 1]>>stream,,,https://yokohama.art.museum/static/file/about/annual_H29.pdf,yokohama.art.museum,custom,40,B,no_pricing; no_booking; no_access; no_profile
atelier-truehappiness,エステ,,09098018987,,-8987 JR川崎駅東口より徒歩5分 10:00～21:00 （最終予約受付時間19:00） 不定,神奈川県,,https://atelier-truehappiness.com/,atelier-truehappiness.com,wordpress,40,B,wordpress
hagukumi,不明,,045-504-6633,soudan@hagukumi.net,NPO法人 はぐくみ心理相談所 カウンセリング・心理療法および心理研修 あなたの心は大丈夫ですか？,神奈川県,,https://www.hagukumi.net/,www.hagukumi.net,ameblo,40,B,ameblo
横浜市青葉区カウンセリング＆セラピールーム 森のよう,不明,,0115464730,,24年1月1日 Copyright © 横浜市青葉区カウンセリング＆セラピールーム 森のよう All Rights Reserved. Powered by WordPress with Lightn,横浜市,,https://morinoyou.com/,morinoyou.com,wordpress,40,B,wordpress
関内・馬車道の歯医者・歯科なら｜関内馬車道みなとまち歯科,不明,,045-232-4550,,神奈川県横浜市中区弁天通3-47-2フロール横濱関内2階 アクセス 045-232-4550 Men,品川区,,https://minatomachi-dc.com/menu/direct-bonding,minatomachi-dc.com,wordpress,40,B,wordpress
オレンジ物語,スピリチュアル,チャクラキネシ,09013-2-500,therapy@orange810.com,オレンジ物語. メニュー 初めての方へ キネシカウンセリング 講座 セルフセラピーカードお茶会 カー,江東区,,https://orange810.com/access,orange810.com,ameblo,40,B,ameblo
温活リラクゼーションサロン LUNASOL,マッサージ,,070-8970-7018,,-7018 お問い合わせ24時間受付中！ 公式LINEからお問い合わせ Instagram inte,神奈川県,9:00~19:00,https://lunasol.hp.peraichi.com/,lunasol.hp.peraichi.com,peraichi,40,B,peraichi
kokoronoclinic,不明,,044-733-9510,kclinic@star7.jpへの空メールの送信からでも会員登録,受付時間は心のクリニック武蔵小杉の開院時間に準ずる 心のクリニック・カウンセリングルームまで。 お願,神奈川県,,https://kokoronoclinic.net/musashikosugi/counseling/,kokoronoclinic.net,wordpress,40,B,wordpress
川崎日航ホテル【】川崎駅から徒歩1分,鍼灸,川崎日航ホテル,044-244-5941,,閉じる 川崎日航ホテル 周辺観光情報 フォトギャラリー よくあるご質問 お問い合わせ お問い合わせ・,東京都,,https://www.kawasaki-nikko-hotel.com/news/event/monomane2025,www.kawasaki-nikko-hotel.com,wordpress,40,B,wordpress
lindasmiles,不明,,,xxxx@example.com,たい、という想いから生まれたクラブです。横浜市（主に新横浜）をホームとし、2023年4月から正式にスタートしました。 集まってくれた選手たちは現在55名。 3年目となる今年も彼女たちと一緒に楽しみなが,横浜市,,https://lindasmiles.hp.peraichi.com/,lindasmiles.hp.peraichi.com,peraichi,40,B,peraichi
Wish,不明,,044-266-1892,,神奈川県川崎市川崎区観音1-12-17 代表者氏名 金城和彦 事業内容 ペットホテル・しつけ・トリミ,東京都,,https://wish-for-doggies.com/,wish-for-doggies.com,wordpress,40,B,wordpress
カウンセリングルームセンター南 | 横浜,鍼灸,,0459494955,,カウンセリングルームセンター南 | 横浜 パーソナリティ障害や不登校・ひきこもり支援に力を入れていま,神奈川県,,https://crcm.jp/,crcm.jp,wordpress,40,B,wordpress
カウンセリング｜cocorun(ここるん）,不明,,02212150241,saloncocorun@gmail.com,,,,https://www.salon-cocorun.com/,www.salon-cocorun.com,wordpress,40,B,wordpress
川崎こころのケアセンター,不明,,044-767-0682,info@kawasaki-pcc.com,​※電話受付時間： 9時～20時 ​ E-mai ： info@kawasaki-pcc.com T,神奈川県,,https://www.kawasaki-pcc.com/,www.kawasaki-pcc.com,wix,40,B,wix
tsukuba,不明,,06-7745-7442,C@A.yϩM,/Root 993 0 R/Size 1138/Type/XRef/W[1 3 1]>>stream,,,https://www.tsukuba.ac.jp/about/public-newspaper/pdf/376.pdf,www.tsukuba.ac.jp,custom,40,B,no_pricing; no_booking; no_access; no_profile
Pinterest,不明,,06086062345,,テン選び！調布市のお客様の施工例。 | 神奈川県川崎市のオーダーカーテン専門店ハンザム コンテンツへスキップ アイデアを探す 簡単ディナーレシピ、ファッションなどを検索しましょう。 オートコンプリート,神奈川県,,https://www.pinterest.com/pin/606086062345396351/,www.pinterest.com,custom,35,C,no_pricing; no_booking; no_access; no_profile; sns_redirect; modern_design
ゲーム全般アニメ漫画エンタメ時事ネタ,不明,htmk73,02511191457,yakuhanjp@3.0.0,,,,http://blog.esuteru.com/archives/10484211.html,blog.esuteru.com,custom,25,C,http_only; no_pricing; no_booking; no_access; modern_design
Yummeet！,不明,,02633875101,,,,,https://yummeet.jp/index/news/hirunomi,yummeet.jp,custom,20,C,no_pricing; no_booking; no_access; no_profile; modern_design
みんなの大学情報,不明,,03-3203-4333,,アクセス 早稲田キャンパス ● 東京都新宿区西早稲田1－6－1 東京さくらトラム（都電荒川線）「早稲田」駅から徒歩4分 ここに地図が表示されます 地図を見る 地図を閉じる 戸山キャンパス ● 東京都,千代田区,,https://www.minkou.jp/university/school/senior/20302/se=1/page=2/,www.minkou.jp,custom,20,C,no_pricing; no_booking
NOSE SHOP,不明,,03257377711,splide@4.1.4,,東京都,,https://noseshop.jp/blogs/blog/260116_kochi_trunkshow,noseshop.jp,custom,20,C,no_pricing; no_booking; no_access; no_profile; modern_design
